{"iso8601DateFormat":false,"callBackUrlConfigured":false,"callBackUrls":null,"apiProvider":"ConnectALL","applicationType":null,"urlDescription":"","userNameDescription":null,"passwordDescription":null,"paginationSupported":false,"paginationAttributes":null,"status":"Active","active":true,"syncModel":"ReadOnly","multiProjectSupported":false,"projectLoginRequired":false,"version":null,"displayName":"endevorscm","type":"endevorscm","logo":"broadcom_1.png","logoSmall":"broadcom.png","metadata":[{"name":"type","dependent":false,"dependentMetadata":null,"values":[{"id":"Element","name":"Element","attributeName":null,"referenceType":null,"dependents":null,"attributes":null,"fieldIdRef":null,"regex":false}],"apiConfig":{"api":null,"idJsonPath":null,"valueJsonPath":null,"headers":null}}],"fields":[{"id":"modifiedDt","name":"modifiedDt","datatype":"Datetime","values":null},{"id":"id","name":"id","datatype":"String","values":null},{"id":"title","name":"title","datatype":"String","values":null},{"id":"actiondate","name":"actiondate","datatype":"Number","values":null},{"id":"actiontime","name":"actiontime","datatype":"Number","values":null},{"id":"actionuserid","name":"actionuserid","datatype":"String","values":null},{"id":"actionccid","name":"actionccid","datatype":"String","values":null},{"id":"actioncomment","name":"actioncomment","datatype":"String","values":null},{"id":"actionpackageid","name":"actionpackageid","datatype":"String","values":null},{"id":"processorgroup","name":"processorgroup","datatype":"String","values":null},{"id":"lastprocessor","name":"lastprocessor","datatype":"String","values":null},{"id":"versionlevel","name":"versionlevel","datatype":"String","values":null},{"id":"lastleveldate","name":"lastleveldate","datatype":"String","values":null},{"id":"lastleveltime","name":"lastleveltime","datatype":"String","values":null},{"id":"fingerprint","name":"fingerprint","datatype":"String","values":null},{"id":"sitename","name":"sitename","datatype":"String","values":null},{"id":"elementname","name":"elementname","datatype":"String","values":null},{"id":"toenvironment","name":"toenvironment","datatype":"String","values":null},{"id":"tosystem","name":"tosystem","datatype":"String","values":null},{"id":"tosubsystem","name":"tosubsystem","datatype":"String","values":null},{"id":"totype","name":"totype","datatype":"String","values":null},{"id":"tostageID","name":"tostageID","datatype":"String","values":null},{"id":"dsn","name":"dsn","datatype":"String","values":null},{"id":"member","name":"member","datatype":"String","values":null},{"id":"path","name":"path","datatype":"String","values":null},{"id":"filename","name":"filename","datatype":"String","values":null},{"id":"actionreturncode","name":"actionreturncode","datatype":"String","values":null}],"loginOptions":[],"idFieldName":"id","titleFieldName":"title","projectFieldName":"","artifactFieldName":"","testStepsFieldName":null,"changedDateFieldName":"modifiedDt","dateFormat":"yyyyMMdd","dateTimeFormat":"yyyyMMdd'T'HHmmssSSS","queryDateFormat":"dd-MM-yyyy HH:mm:ss.SSS","queryDateFormatType":"DATE_TIME_FORMAT","commentFieldName":"","commentFieldId":"","attachmentFieldName":"","attachmentFieldId":"","apiVersion":null,"commentSyncSupported":false,"attachmentSyncSupported":false,"availableRestOperations":null,"conjunctionOperator":"","global":true,"tenantList":null,"multivariateMappingSupported":false}