[{"schemeId":13,"schemeName":"Default","adapterType":"endevorscm","group":null,"active":true,"adapterMetadataList":[],"requestHeaders":[],"restTemplates":{"QUERY_MODIFIED_RECORDS":{"templateId":89,"operation":"QUERY_MODIFIED_RECORDS","httpVerb":"POST","restUrl":"","specifications":{"Response":{"specId":169,"type":"Response","adapterType":null,"specType":null,"status":"Active","specification":null,"samplePayload":null,"contentAvailable":false,"statusCode":2},"Request":{"specId":170,"type":"Request","adapterType":null,"specType":null,"status":"Active","specification":null,"samplePayload":null,"contentAvailable":false,"statusCode":2}}},"GET_LINKED_RECORD_ID":{"templateId":88,"operation":"GET_LINKED_RECORD_ID","httpVerb":"POST","restUrl":"","specifications":{"Response":{"specId":167,"type":"Response","adapterType":null,"specType":null,"status":"Active","specification":null,"samplePayload":null,"contentAvailable":false,"statusCode":2},"Request":{"specId":168,"type":"Request","adapterType":null,"specType":null,"status":"Active","specification":null,"samplePayload":null,"contentAvailable":false,"statusCode":2}}},"SAVE_COMMENTS":{"templateId":90,"operation":"SAVE_COMMENTS","httpVerb":"POST","restUrl":"","specifications":{"Response":{"specId":171,"type":"Response","adapterType":null,"specType":null,"status":"Active","specification":null,"samplePayload":null,"contentAvailable":false,"statusCode":2},"Request":{"specId":172,"type":"Request","adapterType":null,"specType":null,"status":"Active","specification":null,"samplePayload":null,"contentAvailable":false,"statusCode":2}}},"QUERY_COMMENTS":{"templateId":91,"operation":"QUERY_COMMENTS","httpVerb":"POST","restUrl":"","specifications":{"Response":{"specId":173,"type":"Response","adapterType":null,"specType":null,"status":"Active","specification":null,"samplePayload":null,"contentAvailable":false,"statusCode":2},"Request":{"specId":174,"type":"Request","adapterType":null,"specType":null,"status":"Active","specification":null,"samplePayload":null,"contentAvailable":false,"statusCode":2}}},"SAVE_RECORD":{"templateId":92,"operation":"SAVE_RECORD","httpVerb":"POST","restUrl":"","specifications":{"Response":{"specId":175,"type":"Response","adapterType":null,"specType":null,"status":"Active","specification":null,"samplePayload":null,"contentAvailable":false,"statusCode":2},"Request":{"specId":176,"type":"Request","adapterType":null,"specType":"JOLT","status":"Active","specification":"[\n  {\n    \"operation\": \"shift\",\n    \"spec\": {\n      \"*\": \"fields.&\"\n    }\n  },\n  {\n    \"operation\": \"modify-default-beta\",\n    \"spec\": {\n      \"fields\": {\n        \"id\": \"@(1,fingerprint)\",\n        \"modifiedDt\": \"=concat(@(1,actiondate),'T', @(1,actiontime),'0')\"\n      }\n    }\n  }\n]\n","samplePayload":"{\n\"actiontype\":\"ELM\",\n\"action\":\"UPDATE\",\n\"actiondate\":\"20241119\",\n\"actiontime\":\"11502397\",\n\"actionuserid\":\"CUST015\",\n\"actionccid\":\"US149\",\n\"actioncomment\":\"US149 Changes with revision 1\",\n\"actionpackageid\":\"\",\n\"processorgroup\":\"LEMBX\",\n\"lastprocessor\":\"GCOBP\",\n\"versionlevel\":\"0106\",\n\"lastleveldate\":\"20241119\",\n\"lastleveltime\":\"11501683\",\n\"fingerprint\":\"0134DADF00AF8073\",\n\"sitename\":\"MFAAS EOS SYSTEM\",\n\"elementname\":\"DOGGOS17\",\n\"toenvironment\":\"DEV\",\n\"tosystem\":\"DOGGOS\",\n\"tosubsystem\":\"CUST017\",\n\"totype\":\"COBOL\",\n\"tostageID\":\"1\",\n\"dsn\":\"via Zowe CLI command\",\n\"member\":\"\",\n\"path\":\"\",\n\"filename\":\"\",\n\"actionreturncode\":\"0000\"\n}","contentAvailable":true,"statusCode":2}}}},"default":true}]